{"cameraMode":{"drawMode":0,"name":"Shaded","section":"Shading Mode"},"sceneLighting":true,"audioPlay":false,"sceneViewState":{"m_AlwaysRefresh":false,"showFog":true,"showSkybox":true,"showFlares":true,"showImageEffects":true,"showParticleSystems":true,"showVisualEffectGraphs":true,"m_FxEnabled":true},"in2DMode":false,"pivot":{"x":0.01763995550572872,"y":0.13549530506134034,"z":0.02235102467238903},"rotation":{"x":-0.03851098194718361,"y":0.9605447053909302,"z":-0.17181473970413209,"w":-0.21530067920684815},"size":0.33955690264701846,"orthographic":true}